Date,City,Crude_Oil_Price,Petrol_Price,Diesel_Price,Fuel_Demand,Revenue,Inflation,Transport_Index,Import_Cost,Year,Month
2018-01-01,Delhi,79.34510772507856,103.75118470827255,93.28466724826707,16265,1687513.019280053,7.704285838459497,57.79972601681013,65.78041141233659,2018,January
2018-01-01,Mumbai,79.34510772507856,104.69046013601725,93.2994064135441,26023,2724359.8441195767,7.704285838459497,82.54442364744264,65.71407758748639,2018,January
2018-01-01,Chennai,79.34510772507856,103.68121852146048,95.32403259717935,12433,1289068.5898773181,7.704285838459497,59.09124836035503,70.75221147585583,2018,January
2018-01-01,Kolkata,79.34510772507856,100.75692281630947,92.84125493287829,37480,3776369.467155279,7.704285838459497,64.5614570099021,87.74985310188704,2018,January
2018-02-01,Delhi,64.06710094238272,83.16371201506746,75.92888892307556,29118,2421560.966454734,3.752867891211309,80.91930046665436,63.50529625447519,2018,February
2018-02-01,Mumbai,64.06710094238272,87.48179531265913,75.99304637726122,13556,1185903.2172584073,3.752867891211309,80.37724259507192,56.71617387659871,2018,February
2018-02-01,Chennai,64.06710094238272,81.05454026290857,78.88578224129336,18433,1494078.3406661937,3.752867891211309,69.2708251269958,51.765136500238185,2018,February
2018-02-01,Kolkata,64.06710094238272,82.21543589136665,74.63862181392942,33483,2752819.4399506296,3.752867891211309,56.10191174223894,67.11595529612414,2018,February
2018-03-01,Delhi,57.235253872489196,74.34905944073736,69.78920788841222,29457,2190100.2439458007,7.455922412472693,71.25779372456223,51.73900003045553,2018,March
2018-03-01,Mumbai,57.235253872489196,76.5115018642772,66.00195393702168,16873,1290978.5709559491,7.455922412472693,72.48770666848829,57.096465135660296,2018,March
2018-03-01,Chennai,57.235253872489196,79.02421163009382,70.17770615742685,21534,1701707.3732424402,7.455922412472693,54.424625102595975,51.39676754059981,2018,March
2018-03-01,Kolkata,57.235253872489196,72.85419059191102,67.76605616686793,33247,2422183.274609266,7.455922412472693,87.36600550686904,61.232911203128374,2018,March
2018-04-01,Delhi,93.13882576815013,119.15305414022393,106.24592692173741,48044,5724589.333112919,7.791531843584828,90.10984903770199,77.9828403208169,2018,April
2018-04-01,Mumbai,93.13882576815013,121.81202296262076,109.2234004453821,12027,1465033.20017144,7.791531843584828,64.6744087359019,75.16674969187345,2018,April
2018-04-01,Chennai,93.13882576815013,116.29571123503878,108.85798354609405,22666,2635958.590853389,7.791531843584828,53.70223258670452,91.20459913188911,2018,April
2018-04-01,Kolkata,93.13882576815013,115.71489782309305,109.76855238485571,40535,4690503.383259077,7.791531843584828,72.47253370691017,78.95425372267977,2018,April
2018-05-01,Delhi,79.10318639288731,103.00321643992949,92.97922803056466,20965,2159462.4326631217,6.013047515981643,94.36063712881634,81.95940173560436,2018,May
2018-05-01,Mumbai,79.10318639288731,99.17891966517513,93.71091002765627,27412,2718692.5458617806,6.013047515981643,78.06385987847482,93.77552938368201,2018,May
2018-05-01,Chennai,79.10318639288731,101.79832911815775,92.56783828061026,31518,3208479.737146096,6.013047515981643,55.54454104059157,80.6590077124534,2018,May
2018-05-01,Kolkata,79.10318639288731,99.7537943599548,94.80602287835941,32403,3232322.198645615,6.013047515981643,95.37832369630465,73.14245394864076,2018,May
2018-06-01,Delhi,81.67488999731593,102.97795735527416,92.67076065607397,19914,2050703.0427729296,6.533306831258292,84.73924665198523,101.29596894672557,2018,June
2018-06-01,Mumbai,81.67488999731593,105.74684853376935,93.98268331212749,12693,1342244.7484391343,6.533306831258292,72.82672852414551,74.26046133817799,2018,June
2018-06-01,Chennai,81.67488999731593,104.29193983192536,97.50856275061442,28047,2925076.036466011,6.533306831258292,90.37200775820313,101.93399117225432,2018,June
2018-06-01,Kolkata,81.67488999731593,103.60239452163584,92.86919274426727,11306,1171328.672461615,6.533306831258292,71.35538943131282,98.74554500930263,2018,June
2018-07-01,Delhi,110.94748791166232,139.49326685380447,126.32775296348798,13748,1917753.432706104,2.041712783187144,84.62180164451351,103.70330115301196,2018,July
2018-07-01,Mumbai,110.94748791166232,137.62691439149594,124.83303319763289,40303,5546777.530720461,2.041712783187144,77.90510010086706,111.16029468270685,2018,July
2018-07-01,Chennai,110.94748791166232,136.3722814655244,125.34677942820137,27675,3774102.8895583875,2.041712783187144,62.58911479126821,116.34222662762365,2018,July
2018-07-01,Kolkata,110.94748791166232,138.02418390447892,125.53232991086011,37728,5207376.410348181,2.041712783187144,63.33905071376425,142.93447833262582,2018,July
2018-08-01,Delhi,81.71740586568504,103.84203765769512,96.06090640314804,31556,3276839.3403262272,2.19830439740329,74.47263801387815,105.6463237926744,2018,August
2018-08-01,Mumbai,81.71740586568504,103.12092582208884,96.28761161937513,42970,4431106.182575157,2.19830439740329,68.48272280307023,75.26826567286086,2018,August
2018-08-01,Chennai,81.71740586568504,107.04851721616761,95.07660214161608,10197,1091573.7300532612,2.19830439740329,69.94122212222766,98.73227206532299,2018,August
2018-08-01,Kolkata,81.71740586568504,107.01495479640019,93.15910359873243,30666,3281720.6037864084,2.19830439740329,59.32592551999271,67.03994408837873,2018,August
2018-09-01,Delhi,93.40804130723572,115.33760354503313,107.95324296161027,21411,2469493.429502704,6.065386171053694,82.25863952047249,82.8700463473353,2018,September
2018-09-01,Mumbai,93.40804130723572,120.05805290925541,107.20109668961781,45153,5420981.263011609,6.065386171053694,91.8855052953664,106.28387822743662,2018,September
2018-09-01,Chennai,93.40804130723572,120.36800157722355,106.13511433624087,31918,3841905.8743418213,6.065386171053694,93.86696766904905,86.77334415402501,2018,September
2018-09-01,Kolkata,93.40804130723572,119.84137706477739,109.78401781302188,26371,3160336.9545752443,6.065386171053694,76.48252891780032,86.02190743512807,2018,September
2018-10-01,Delhi,61.051679907383445,83.34390869085578,73.73442304361373,17400,1450184.0112208906,7.38329454771996,67.46047873063304,71.00175079257332,2018,October
2018-10-01,Mumbai,61.051679907383445,83.3207541103805,75.25833284556484,22183,1848304.2884305709,7.38329454771996,92.54642243837563,77.40238801456869,2018,October
2018-10-01,Chennai,61.051679907383445,82.53836684851007,73.9497438282595,12557,1036434.272516741,7.38329454771996,97.00667212288892,78.56325037539699,2018,October
2018-10-01,Kolkata,61.051679907383445,79.02842911387472,71.76799746204048,21969,1736175.5592027137,7.38329454771996,84.59475988463467,68.7430089894904,2018,October
2018-11-01,Delhi,69.57750511493639,88.76219964810254,81.09610371308692,13987,1241516.88647801,6.273075328085215,68.32343922914299,81.55076827912555,2018,November
2018-11-01,Mumbai,69.57750511493639,92.14803550538984,80.99207027524564,14555,1341214.656780949,6.273075328085215,75.440703841938,77.79922209026411,2018,November
2018-11-01,Chennai,69.57750511493639,88.85468876586403,82.68293060949458,13436,1193851.598258149,6.273075328085215,74.33710764797276,87.18405061051179,2018,November
2018-11-01,Kolkata,69.57750511493639,90.14221659419793,81.24417597029937,42352,3817703.157197471,6.273075328085215,78.84519423131795,72.79608027238845,2018,November
2018-12-01,Delhi,67.6907942068729,86.84054370119601,77.25195354201145,18208,1581192.619711377,6.334712691569032,99.72752553986706,70.05809405810324,2018,December
2018-12-01,Mumbai,67.6907942068729,86.83205955668733,82.40702187702027,42635,3702084.859199364,6.334712691569032,50.77283082644337,85.5719457547712,2018,December
2018-12-01,Chennai,67.6907942068729,87.87242620233121,82.90598665768474,10699,940147.0879387417,6.334712691569032,92.650472773368,64.11837504426035,2018,December
2018-12-01,Kolkata,67.6907942068729,87.57082126432348,82.21287777252387,29778,2607683.915609025,6.334712691569032,58.474637334304624,72.99779520109593,2018,December
2019-01-01,Delhi,115.85006032045077,145.69349936875744,129.70112410871144,17455,2543080.0314816614,6.176178780049838,83.55717584120254,113.45467387980868,2019,January
2019-01-01,Mumbai,115.85006032045077,143.48221672162006,130.88980867660047,10784,1547312.2251259508,6.176178780049838,92.43348974623372,100.59384300067029,2019,January
2019-01-01,Chennai,115.85006032045077,146.66544815650272,132.4349850075343,15801,2317460.7463208996,6.176178780049838,90.46805777392568,139.60589107635474,2019,January
2019-01-01,Kolkata,115.85006032045077,147.7725774081926,134.59750846142566,32009,4730052.430258837,6.176178780049838,50.25924313869934,129.05085117969745,2019,January
2019-02-01,Delhi,67.62780697828275,87.57829902487086,77.34264272278176,32386,2836310.7922194675,2.4256455019995657,66.89975784257679,66.80217129536003,2019,February
2019-02-01,Mumbai,67.62780697828275,85.45868581325972,80.50771238252241,43621,3727793.333860202,2.4256455019995657,66.4076333737366,59.34480784745859,2019,February
2019-02-01,Chennai,67.62780697828275,91.67369845254736,82.07163254896156,41289,3785115.3354072277,2.4256455019995657,51.52501249695247,55.365133632486376,2019,February
2019-02-01,Kolkata,67.62780697828275,90.55901615899124,79.19917538501295,12491,1131172.6708419595,2.4256455019995657,66.33256208980204,82.09572817835134,2019,February
2019-03-01,Delhi,72.65028952828322,93.92819777467031,87.51445114061778,42093,3953719.6289291973,7.791510982344619,77.03175608050532,81.27496507154146,2019,March
2019-03-01,Mumbai,72.65028952828322,95.80998097943284,88.31742516732109,27019,2588689.876083296,7.791510982344619,85.7297552089976,59.61201511432348,2019,March
2019-03-01,Chennai,72.65028952828322,93.51908795348777,85.06343711603034,47945,4483772.671929971,7.791510982344619,53.922819067113295,59.04110104707169,2019,March
2019-03-01,Kolkata,72.65028952828322,97.46588054611968,87.47819341361912,33944,3308381.8492574864,7.791510982344619,84.42499503826832,60.2341224038167,2019,March
2019-04-01,Delhi,114.48889229572123,141.77540442305286,128.2112434198667,30056,4261201.555339277,4.654113378386627,83.00986883588656,107.61577472525978,2019,April
2019-04-01,Mumbai,114.48889229572123,146.7809498735934,132.07538517955354,19662,2886007.036414594,4.654113378386627,71.78364493389455,133.38181017932098,2019,April
2019-04-01,Chennai,114.48889229572123,140.43090580279258,131.04422694234339,13506,1896659.8137725166,4.654113378386627,87.89230552321845,92.41506112132289,2019,April
2019-04-01,Kolkata,114.48889229572123,140.90940139249946,127.92401953150944,23296,3282625.4148396673,4.654113378386627,65.57066546956472,147.66265154351342,2019,April
2019-05-01,Delhi,66.396467542807,88.69138266153963,80.54966280853624,36211,3211603.6575570116,2.102966610990501,58.66009349550076,67.52028250775679,2019,May
2019-05-01,Mumbai,66.396467542807,86.13736484129387,79.40328553454486,42580,3667728.994942293,2.102966610990501,94.33401936490237,61.77838153141232,2019,May
2019-05-01,Chennai,66.396467542807,83.45496348254495,81.30880279470847,19823,1654327.7411144886,2.102966610990501,92.82449205941612,74.98463920046609,2019,May
2019-05-01,Kolkata,66.396467542807,84.48837269008227,76.13159743063414,48646,4110021.377881742,2.102966610990501,97.21257985625837,81.90664695671643,2019,May
2019-06-01,Delhi,96.36623383399073,123.45233432078993,111.5157347907416,36144,4462061.171690632,6.805695768094399,72.91264452457582,103.3825046186779,2019,June
2019-06-01,Mumbai,96.36623383399073,125.30240958554474,110.39214836751465,48304,6052607.592620153,6.805695768094399,82.5742385928894,87.05168374404816,2019,June
2019-06-01,Chennai,96.36623383399073,120.62988381535699,109.36306725896024,13373,1613183.436262769,6.805695768094399,50.91109128257749,81.6435432872827,2019,June
2019-06-01,Kolkata,96.36623383399073,123.49320333802355,108.50266443147137,35351,4365608.23120247,6.805695768094399,69.26983104827825,109.93525817153069,2019,June
2019-07-01,Delhi,77.1405970151756,99.49816665796105,91.46918692854129,48513,4826954.559077664,3.564167169415419,81.4471423389942,95.55683510593303,2019,July
2019-07-01,Mumbai,77.1405970151756,101.17140178453441,92.13273035869874,37384,3782191.684313034,3.564167169415419,77.39859416240436,78.0458782662541,2019,July
2019-07-01,Chennai,77.1405970151756,100.00554646415691,90.76739222793816,27506,2750752.5610431,3.564167169415419,70.63088384557133,76.06132623138954,2019,July
2019-07-01,Kolkata,77.1405970151756,101.46079520310118,89.35666601790776,17357,1761055.0223402272,3.564167169415419,78.09333460718868,70.91522971722698,2019,July
2019-08-01,Delhi,99.18991069351597,123.71174768517669,113.39147686605503,24397,3018195.5082752556,6.439452562684247,74.82805953415388,98.67502014314347,2019,August
2019-08-01,Mumbai,99.18991069351597,124.12754083991402,111.72501287196845,23923,2969503.159513263,6.439452562684247,50.54188257401492,124.25430724708563,2019,August
2019-08-01,Chennai,99.18991069351597,122.68310135585178,113.04098537453974,27101,3324834.729844939,6.439452562684247,83.83849522121517,103.28253350621489,2019,August
2019-08-01,Kolkata,99.18991069351597,125.49527422275148,111.62481001616882,47259,5930781.164493012,6.439452562684247,66.4332272684958,112.70545135382413,2019,August
2019-09-01,Delhi,103.9043444134492,133.13445340743192,116.76392858481728,31545,4199726.33273744,6.749474262355092,98.71241042672051,134.86426692277615,2019,September
2019-09-01,Mumbai,103.9043444134492,127.99822449061149,120.63890530727119,18924,2422238.400260332,6.749474262355092,67.54575062760394,89.2053613279338,2019,September
2019-09-01,Chennai,103.9043444134492,128.6080681822399,120.78575575682997,45307,5826845.745132742,6.749474262355092,93.34343526554207,126.68437256185187,2019,September
2019-09-01,Kolkata,103.9043444134492,130.58976673319862,117.55215047195132,37569,4906126.946399539,6.749474262355092,94.59484543883883,90.73991447363963,2019,September
2019-10-01,Delhi,88.36620096500553,113.341255059294,104.61432817414,27749,3145106.486640349,3.399368434547167,90.63997836287513,112.54533984846326,2019,October
2019-10-01,Mumbai,88.36620096500553,116.17412458546661,103.95576615375963,45909,5333437.885594186,3.399368434547167,85.40905977915999,91.97450170032738,2019,October
2019-10-01,Chennai,88.36620096500553,111.91803026956231,103.66600322798594,35289,3949475.3701825845,3.399368434547167,95.3177192547368,75.60601030613843,2019,October
2019-10-01,Kolkata,88.36620096500553,112.72049286874254,99.5036189108105,19435,2190722.7789040115,3.399368434547167,78.57365126025053,103.43148332352852,2019,October
2019-11-01,Delhi,104.86766545205717,133.95332683203054,121.34331525080322,24683,3306369.9661950096,6.936742111260159,98.10862742372709,103.55003362230104,2019,November
2019-11-01,Mumbai,104.86766545205717,130.74382983740048,122.46867345735852,47797,6249162.834738231,6.936742111260159,71.8167915803278,125.95179455311391,2019,November
2019-11-01,Chennai,104.86766545205717,135.58914991470735,120.59310892007726,47678,6464619.489633417,6.936742111260159,94.55715568490356,111.56352404481656,2019,November
2019-11-01,Kolkata,104.86766545205717,135.69459880626255,117.69985807663414,35826,4861394.696833162,6.936742111260159,84.77055615533237,87.84945478551442,2019,November
2019-12-01,Delhi,65.80400307410144,84.71018125531572,81.04331157020579,13330,1129186.7161333584,3.3008546395189473,95.05790052454944,54.1384793351292,2019,December
2019-12-01,Mumbai,65.80400307410144,84.61546595458532,80.77079222448891,31447,2660902.5578738446,3.3008546395189473,69.72608993040649,56.155690704793116,2019,December
2019-12-01,Chennai,65.80400307410144,84.99834408101844,76.08640274340296,46487,3951318.0212943046,3.3008546395189473,67.66761140130264,71.8466567485076,2019,December
2019-12-01,Kolkata,65.80400307410144,83.1928660861946,80.91469216602655,30159,2509013.6482935427,3.3008546395189473,72.66204234144155,53.70646193236213,2019,December
2020-01-01,Delhi,73.18462796598146,95.5773341740212,84.66514405835076,37532,3587208.506219364,4.467240325233117,95.54635922469213,88.64624342853328,2020,January
2020-01-01,Mumbai,73.18462796598146,98.00646039290159,87.39371525359013,20136,1973458.0864714663,4.467240325233117,70.91215181453094,92.67839589655397,2020,January
2020-01-01,Chennai,73.18462796598146,97.42030822636097,83.31071022389712,11015,1073084.695113366,4.467240325233117,68.82316834390248,88.20772435271296,2020,January
2020-01-01,Kolkata,73.18462796598146,98.26879390506272,83.94189954988114,33833,3324728.1041899873,4.467240325233117,69.04454283155107,94.03911455424051,2020,January
2020-02-01,Delhi,109.73773000382107,137.77137352307363,125.00566541815274,10384,1430617.9426635967,7.029972228266827,50.68359824134986,91.92505011220695,2020,February
2020-02-01,Mumbai,109.73773000382107,139.33252218469124,125.72282605430354,19860,2767143.8905879683,7.029972228266827,99.83184185369527,118.26609127554835,2020,February
2020-02-01,Chennai,109.73773000382107,139.87343331077244,128.18534278342133,42201,5902798.759147908,7.029972228266827,68.89252746378932,101.01823512215967,2020,February
2020-02-01,Kolkata,109.73773000382107,135.92583870405454,124.02540304119755,27100,3683590.2288798783,7.029972228266827,60.36138245040282,135.9771552488604,2020,February
2020-03-01,Delhi,104.20494359119486,129.84254081178707,116.67444753067227,38538,5003871.83780465,2.2813788067473197,65.38886198855246,125.89966961622255,2020,March
2020-03-01,Mumbai,104.20494359119486,134.7376497956887,117.07178841868433,47626,6417015.309169469,2.2813788067473197,70.17414331061985,90.34647953348596,2020,March
2020-03-01,Chennai,104.20494359119486,128.16331217180328,121.07216261253217,49764,6377919.066917619,2.2813788067473197,81.96806784871211,125.30877195657955,2020,March
2020-03-01,Kolkata,104.20494359119486,134.28389084834632,120.2449213510742,49649,6667060.896729547,2.2813788067473197,67.52937794032985,114.10012451402349,2020,March
2020-04-01,Delhi,80.4958629314826,106.31422912060572,93.02506476814102,41703,4433622.297016621,4.624849532142374,95.52356392016365,76.38894193041638,2020,April
2020-04-01,Mumbai,80.4958629314826,103.65033419125456,95.12138319496201,47660,4939974.927555192,4.624849532142374,57.3536740464519,101.6899255796899,2020,April
2020-04-01,Chennai,80.4958629314826,103.42993231070623,92.48499829579497,46932,4854173.583206065,4.624849532142374,99.00162876427385,84.22354963099522,2020,April
2020-04-01,Kolkata,80.4958629314826,102.28637953116203,94.73593709190158,22015,2251834.645378532,4.624849532142374,67.07816052282725,86.020431520144,2020,April
2020-05-01,Delhi,84.90774533393218,107.99324291641194,99.88637040282836,28271,3053076.970489882,5.508596635694922,73.69808201314362,96.26660749616529,2020,May
2020-05-01,Mumbai,84.90774533393218,106.39737859245139,96.85409907349879,33954,3612616.5927280947,5.508596635694922,91.08953184222246,82.5762902082994,2020,May
2020-05-01,Chennai,84.90774533393218,107.62447399541875,95.89119304955776,49749,5354209.956798088,5.508596635694922,56.03179355503004,87.4880394128486,2020,May
2020-05-01,Kolkata,84.90774533393218,106.63547552288053,97.88598412693521,36329,3873960.1902707266,5.508596635694922,84.51974143146826,69.59514884622573,2020,May
2020-06-01,Delhi,106.96167592908778,131.78709081996567,124.76008174805547,29262,3856353.8515738356,5.767402336945446,68.86429826210363,85.70812482184607,2020,June
2020-06-01,Mumbai,106.96167592908778,137.29288534557267,120.02571204949889,24178,3319467.381885256,5.767402336945446,59.226050967818864,96.76551798262774,2020,June
2020-06-01,Chennai,106.96167592908778,133.80808231586326,122.42574791456093,38699,5178238.977541592,5.767402336945446,68.44568197848862,110.3060849497634,2020,June
2020-06-01,Kolkata,106.96167592908778,136.44707416325986,119.7387092207584,15126,2063898.4437934686,5.767402336945446,84.35827527016656,130.73073552705978,2020,June
2020-07-01,Delhi,103.72505508055818,133.46606986258172,118.14793951176159,44674,5962463.2050409755,2.1828329164015647,62.12352518173648,96.94367854459253,2020,July
2020-07-01,Mumbai,103.72505508055818,130.036554136791,116.1434866736692,39926,5191839.460465518,2.1828329164015647,54.46021643560281,110.74389949649247,2020,July
2020-07-01,Chennai,103.72505508055818,129.02807987590725,118.0806206726724,16168,2086125.9954336684,2.1828329164015647,83.95511595722448,123.9084591607158,2020,July
2020-07-01,Kolkata,103.72505508055818,130.88466038756206,116.54458121552739,36069,4720878.815518976,2.1828329164015647,79.34205590104395,121.64041932394251,2020,July
2020-08-01,Delhi,83.05787050492916,104.99471853640746,95.88099392371531,44529,4675309.821707688,2.7654818167733826,62.21765777323273,87.13799278760149,2020,August
2020-08-01,Mumbai,83.05787050492916,105.32072656478279,99.30465108788275,37285,3926883.289967926,2.7654818167733826,61.26663988562641,81.61917611223365,2020,August
2020-08-01,Chennai,83.05787050492916,106.42295580147756,98.80740525234037,20589,2191142.2369966214,2.7654818167733826,58.66867976473774,103.68800965990305,2020,August
2020-08-01,Kolkata,83.05787050492916,103.56992341544789,96.84956848274503,14324,1483535.5830028756,2.7654818167733826,99.11893084543033,71.09915271783758,2020,August
2020-09-01,Delhi,80.8606139379732,106.47407432806622,96.23189547870673,28935,3080827.340682596,7.816822599652213,86.14480483108878,97.87617248898314,2020,September
2020-09-01,Mumbai,80.8606139379732,105.44472534266424,94.53968344528052,32700,3448042.518705121,7.816822599652213,88.47464665959684,72.25072732118917,2020,September
2020-09-01,Chennai,80.8606139379732,102.68127910163807,93.88208168470956,46976,4823555.76707855,7.816822599652213,76.49200115905583,93.2820210149892,2020,September
2020-09-01,Kolkata,80.8606139379732,105.78998095690824,91.8532041305491,11917,1260699.2030634754,7.816822599652213,57.718135763710116,84.1411331634583,2020,September
2020-10-01,Delhi,89.61831311585308,113.10583942406409,101.59426622675518,32422,3667117.525807006,2.3109412209345614,77.44609899444886,80.73402236174091,2020,October
2020-10-01,Mumbai,89.61831311585308,115.54161031186547,101.31498683257728,11342,1310472.944157178,2.3109412209345614,84.07513611119646,105.75981968617688,2020,October
2020-10-01,Chennai,89.61831311585308,114.91908066096155,103.6172352964223,36614,4207647.219320446,2.3109412209345614,89.71447249832312,76.47575389562878,2020,October
2020-10-01,Kolkata,89.61831311585308,116.70470169682181,105.26362531841365,11908,1389719.5878057543,2.3109412209345614,86.54337376018222,113.74089492701266,2020,October
2020-11-01,Delhi,66.7801493007679,88.98842071993654,79.56939992390882,15951,1419454.2989037079,2.398977604200665,89.07572408757075,81.06912746957589,2020,November
2020-11-01,Mumbai,66.7801493007679,89.05408964826333,80.91978403034643,31204,2778843.813384409,2.398977604200665,59.320249339407205,61.293884436204,2020,November
2020-11-01,Chennai,66.7801493007679,88.23688612094736,81.56975802760444,26984,2380984.1350876438,2.398977604200665,93.86002704065541,66.52789087363406,2020,November
2020-11-01,Kolkata,66.7801493007679,89.51677225120716,78.75737069625065,38173,3417123.747145331,2.398977604200665,94.98337226460865,74.26291659026577,2020,November
2020-12-01,Delhi,90.08576902445114,115.34361134519521,103.42480525731762,21246,2450590.3666400174,4.632468052330035,69.19456106866056,96.55180396900809,2020,December
2020-12-01,Mumbai,90.08576902445114,117.64651222560417,105.03805852189119,11970,1408228.751340482,4.632468052330035,71.57640715682213,87.05959822826253,2020,December
2020-12-01,Chennai,90.08576902445114,116.41505140651745,105.45493619082727,25374,2953915.514388974,4.632468052330035,93.93145576867191,94.38392440830273,2020,December
2020-12-01,Kolkata,90.08576902445114,116.49143382682566,104.73153564195157,20789,2421740.4178258786,4.632468052330035,87.62015600194113,103.91305448775002,2020,December
2021-01-01,Delhi,105.60717603829882,131.04827987737883,122.34013461470443,47380,6209067.500590209,2.8587679132908175,93.83828183808748,102.54888455870402,2021,January
2021-01-01,Mumbai,105.60717603829882,135.3652688578967,118.71954054309398,16371,2216064.8164726268,2.8587679132908175,72.85001096408392,116.37688348847816,2021,January
2021-01-01,Chennai,105.60717603829882,133.1324861574303,121.29491394403975,24382,3246036.2774904654,2.8587679132908175,70.44775885427467,125.24387893355389,2021,January
2021-01-01,Kolkata,105.60717603829882,129.7018892314189,121.6464063285941,20147,2613103.9623453966,2.8587679132908175,77.13622216737981,97.78163460077133,2021,January
2021-02-01,Delhi,77.47023957775477,102.77403663108603,91.16820951257188,22999,2363700.0684783477,3.089586300808554,71.17984312102415,73.12917984715659,2021,February
2021-02-01,Mumbai,77.47023957775477,100.71953454381921,93.13897319703295,17783,1791095.482792737,3.089586300808554,75.2944339442233,85.66094471718134,2021,February
2021-02-01,Chennai,77.47023957775477,96.5416539884965,92.90060219764007,29915,2888043.579065873,3.089586300808554,55.11063321125998,97.56410319806749,2021,February
2021-02-01,Kolkata,77.47023957775477,101.94547516161924,87.80599437270098,10126,1032299.8814865565,3.089586300808554,57.62695214571307,84.29879032620104,2021,February
2021-03-01,Delhi,94.43647801488564,121.59015370693811,111.5975983446906,13797,1677579.3506946252,4.544784027814316,95.53430991278566,81.3480912617913,2021,March
2021-03-01,Mumbai,94.43647801488564,118.08638629973062,106.98451931828023,29256,3454735.317584919,4.544784027814316,66.60732063274695,90.25503210911273,2021,March
2021-03-01,Chennai,94.43647801488564,118.02681340370484,109.63876261884205,21694,2560473.689979973,4.544784027814316,52.73808194110157,91.37660588258024,2021,March
2021-03-01,Kolkata,94.43647801488564,122.05501819775114,106.01918839410412,23224,2834605.7426245725,4.544784027814316,55.713365002784386,95.12135893851611,2021,March
2021-04-01,Delhi,111.1286791398422,139.39174224124548,126.90399533956403,46368,6463316.304242071,7.537761390790909,79.35341120682835,90.72804685102139,2021,April
2021-04-01,Mumbai,111.1286791398422,142.5210876251677,125.50833212757252,11990,1708827.8406257606,7.537761390790909,58.27566587139869,90.78541647615934,2021,April
2021-04-01,Chennai,111.1286791398422,138.3121535829431,128.7019477163061,14757,2041072.4504234912,7.537761390790909,61.00486070405485,100.72041063300684,2021,April
2021-04-01,Kolkata,111.1286791398422,139.73805716186146,129.87222136512614,29816,4166429.9123380613,7.537761390790909,57.43313638765565,111.9412589165231,2021,April
2021-05-01,Delhi,60.54772842511185,79.96168461395068,72.96385680304105,36838,2945628.5378087154,7.981245511075684,71.33944526683747,72.65067507600932,2021,May
2021-05-01,Mumbai,60.54772842511185,78.89202853497731,72.20093766976908,37952,2994110.266959459,7.981245511075684,51.827483392404744,62.729473335585695,2021,May
2021-05-01,Chennai,60.54772842511185,80.40020747447029,69.78579853569092,48258,3879953.2123029875,7.981245511075684,72.66444173740138,64.31350254809827,2021,May
2021-05-01,Kolkata,60.54772842511185,79.53165877019958,71.79612506437275,48565,3862455.008174743,7.981245511075684,88.26781405331204,51.55583006177386,2021,May
2021-06-01,Delhi,76.73358273518134,100.81835117274613,88.50608048231766,20093,2025743.130113988,2.4530201828233356,76.32892333296469,92.10906560839898,2021,June
2021-06-01,Mumbai,76.73358273518134,102.39814767682572,91.91100251073529,29846,3056175.1155625405,2.4530201828233356,82.94619709550757,62.42645247942403,2021,June
2021-06-01,Chennai,76.73358273518134,97.09943276104462,88.25871813352428,20682,2008210.4683639249,2.4530201828233356,75.2753939553017,84.21698624580881,2021,June
2021-06-01,Kolkata,76.73358273518134,97.92052634878732,90.28893046057686,49986,4894655.430070483,2.4530201828233356,82.63730539259373,70.52517525591736,2021,June
2021-07-01,Delhi,61.463690529357436,82.58302334763138,75.51496458034374,28922,2388466.2012601946,3.4590331459967247,98.13246592774374,78.19440597638442,2021,July
2021-07-01,Mumbai,61.463690529357436,78.51472776608577,72.81913962134716,10822,849686.3838845802,3.4590331459967247,94.81679092605599,49.57052552496108,2021,July
2021-07-01,Chennai,61.463690529357436,78.12571454062305,71.62810330258219,30079,2349943.3676674007,3.4590331459967247,59.071771754489866,67.08889545808327,2021,July
2021-07-01,Kolkata,61.463690529357436,80.47712667878926,75.73681603816787,33236,2674737.78229624,3.4590331459967247,67.0908675848938,57.143513237728115,2021,July
2021-08-01,Delhi,79.68000653087235,100.89885319218949,93.79930050043696,23221,2342972.269975832,5.541769655088847,88.69172616006702,78.1962809327519,2021,August
2021-08-01,Mumbai,79.68000653087235,105.04988384625241,91.3714702038279,27771,2917340.3242942756,5.541769655088847,57.00565878832263,98.34377222039748,2021,August
2021-08-01,Chennai,79.68000653087235,102.43442609417596,95.4217204147067,30607,3135210.479464444,5.541769655088847,59.105356941079165,83.05757695498049,2021,August
2021-08-01,Kolkata,79.68000653087235,102.60961129760281,94.50452871871414,46801,4802232.418339109,5.541769655088847,81.67391099130737,74.01825145447245,2021,August
2021-09-01,Delhi,64.05814481473357,87.47942614631047,76.33693749372839,21372,1869610.2955989474,7.0095814207957945,84.56109288048272,73.12826105742325,2021,September
2021-09-01,Mumbai,64.05814481473357,86.34669801276732,76.36076647184275,36665,3165901.682638114,7.0095814207957945,78.82582377571268,60.02425035879426,2021,September
2021-09-01,Chennai,64.05814481473357,84.46785689899616,77.09131873002345,22875,1932202.2265645373,7.0095814207957945,60.32106358803016,51.598702044068325,2021,September
2021-09-01,Kolkata,64.05814481473357,81.54681029186726,78.5829082510009,27029,2204128.73537888,7.0095814207957945,86.60922892295312,59.27718633366118,2021,September
2021-10-01,Delhi,96.15137411823409,122.47168210677202,112.8721258267626,45796,5608713.153761731,4.965643100829628,69.15692641247487,101.8684245032001,2021,October
2021-10-01,Mumbai,96.15137411823409,118.78738322694161,108.8411842602293,29250,3474530.9593880423,4.965643100829628,54.516848028880396,113.98677737761466,2021,October
2021-10-01,Chennai,96.15137411823409,118.93636939699486,112.865957991911,34063,4051329.550769836,4.965643100829628,95.77568386459569,111.60928732875337,2021,October
2021-10-01,Kolkata,96.15137411823409,122.73145412857193,113.53932483003942,33150,4068547.704362159,4.965643100829628,97.70434682698166,83.41137846047026,2021,October
2021-11-01,Delhi,86.44407122560683,110.7829034985734,98.33168019100489,41987,4651441.769194601,3.6194673343531694,52.57129067421252,90.6092165940109,2021,November
2021-11-01,Mumbai,86.44407122560683,111.18190398863428,99.36506026855716,42921,4772038.501096171,3.6194673343531694,73.71186543501848,84.04022291137147,2021,November
2021-11-01,Chennai,86.44407122560683,109.46478517415558,99.8363582272959,10060,1101215.7388520052,3.6194673343531694,84.4201198213868,87.94937969503712,2021,November
2021-11-01,Kolkata,86.44407122560683,108.7288182788898,102.27421082970059,44020,4786242.5806367295,3.6194673343531694,50.116969531288916,110.98119440006025,2021,November
2021-12-01,Delhi,55.34149820629502,72.505143781094,68.6133995736992,16960,1229687.2385273543,2.6185624760824693,56.84093154594807,70.56697797105025,2021,December
2021-12-01,Mumbai,55.34149820629502,73.42500829413382,64.87961563583035,11341,832713.0190637716,2.6185624760824693,97.90853965019652,65.25848477305736,2021,December
2021-12-01,Chennai,55.34149820629502,74.77561358076795,68.32303313603173,12421,928787.8962867188,2.6185624760824693,81.86157898947434,71.40649317918368,2021,December
2021-12-01,Kolkata,55.34149820629502,76.6265145718803,67.64880757750161,35064,2686832.106948411,2.6185624760824693,97.20296698433066,45.36416797035107,2021,December
2022-01-01,Delhi,100.86238621351976,125.28164314784463,116.33904849391712,38921,4876086.832957261,7.5514899044939945,65.64274282527938,86.76800641532067,2022,January
2022-01-01,Mumbai,100.86238621351976,129.13478143216128,114.08697127731513,18007,2325330.009248928,7.5514899044939945,98.55291225826838,128.31039462753756,2022,January
2022-01-01,Chennai,100.86238621351976,127.33711524855555,118.10363301653723,35510,4521740.962476208,7.5514899044939945,72.7571842518078,107.03690796230917,2022,January
2022-01-01,Kolkata,100.86238621351976,128.52944228633405,116.83238121326072,45435,5839735.210279588,7.5514899044939945,56.02834428886394,84.57075074236188,2022,January
2022-02-01,Delhi,100.25877043207907,128.37871651055463,112.67161011143907,38535,4947073.840734223,4.039249782608397,76.97456461876686,119.8454824751216,2022,February
2022-02-01,Mumbai,100.25877043207907,125.53661663037778,116.03482032526746,38687,4856635.087579425,4.039249782608397,71.34085283274322,124.15371277809484,2022,February
2022-02-01,Chennai,100.25877043207907,126.22789169804854,115.05112917009893,10545,1331073.117955922,4.039249782608397,51.063470542519354,124.05527344476363,2022,February
2022-02-01,Kolkata,100.25877043207907,127.00790904804379,117.91387825772279,13810,1753979.2239534848,4.039249782608397,53.501485287373555,80.68251530196743,2022,February
2022-03-01,Delhi,58.42444933851986,74.20402763189725,69.97709324674048,43039,3193667.1452492257,2.5312604636817087,93.68385570931693,75.48682686637042,2022,March
2022-03-01,Mumbai,58.42444933851986,79.31876411650505,69.60500597860545,13430,1065251.002084663,2.5312604636817087,76.12595958172615,68.13084802125873,2022,March
2022-03-01,Chennai,58.42444933851986,73.96427475375428,69.90226988482736,34951,2585125.366918466,2.5312604636817087,64.36194958270409,55.395378856902404,2022,March
2022-03-01,Kolkata,58.42444933851986,75.5761044768028,67.35096442341963,35280,2666324.965941603,2.5312604636817087,95.51695510287672,48.057050586511735,2022,March
2022-04-01,Delhi,62.11539391414249,79.16722771976612,76.82311961263045,11828,936389.9694693936,4.3497808432421365,89.3172507207776,52.46921494575614,2022,April
2022-04-01,Mumbai,62.11539391414249,81.21923024918263,76.35933527264689,39757,3229032.937016754,4.3497808432421365,80.67056946053539,54.88000481058544,2022,April
2022-04-01,Chennai,62.11539391414249,85.23434520164696,72.47465563557455,25934,2210467.508459512,4.3497808432421365,61.52845979025095,75.49015872727156,2022,April
2022-04-01,Kolkata,62.11539391414249,79.1385361529331,71.36629757016077,27320,2162064.8076981325,4.3497808432421365,59.32191310721272,73.90441346378813,2022,April
2022-05-01,Delhi,77.75814184583746,103.53832578907388,93.28150850328501,21362,2211785.715506196,2.347056059380378,79.86370362151705,82.6192504353828,2022,May
2022-05-01,Mumbai,77.75814184583746,98.57624095374888,91.07028073939281,35425,3492063.335786554,2.347056059380378,84.8010309026896,68.18984333400405,2022,May
2022-05-01,Chennai,77.75814184583746,102.46543925302252,89.32543662452443,17287,1771320.0483670004,2.347056059380378,87.39358020461142,63.56203851413977,2022,May
2022-05-01,Kolkata,77.75814184583746,103.01905746668308,93.139554092012,27674,2850949.3963329876,2.347056059380378,93.87304313151901,72.5327963696065,2022,May
2022-06-01,Delhi,63.41846988338227,86.52335494999936,77.66471317764557,39192,3391023.327200375,7.332488479213863,66.45256826849355,80.2747658610225,2022,June
2022-06-01,Mumbai,63.41846988338227,84.98028304405526,74.18029323751803,43742,3717207.540913065,7.332488479213863,50.2541069909013,72.79534387097105,2022,June
2022-06-01,Chennai,63.41846988338227,80.1752795341033,75.68756259045743,19903,1595728.5885672579,7.332488479213863,84.16293818297979,53.14882721659663,2022,June
2022-06-01,Kolkata,63.41846988338227,85.79224286073247,75.46282663613671,12396,1063480.6425016397,7.332488479213863,95.325685972229,68.85086246267198,2022,June
2022-07-01,Delhi,98.0372806569267,126.73544133732494,114.28372262320305,30695,3890144.371849189,5.262673447984396,89.8713010803464,110.70623818227953,2022,July
2022-07-01,Mumbai,98.0372806569267,126.6380632788332,115.08402831523965,28088,3557009.921375867,5.262673447984396,66.7004439372619,90.13008531987559,2022,July
2022-07-01,Chennai,98.0372806569267,127.19462362874168,110.51526767245234,13738,1747399.7394116533,5.262673447984396,87.63583197788206,86.2044311361606,2022,July
2022-07-01,Kolkata,98.0372806569267,126.850086489566,115.11132427595223,22713,2881146.0144375125,5.262673447984396,56.44349337367226,94.85689510975696,2022,July
2022-08-01,Delhi,103.3280366589545,132.65285242639973,120.58708465941731,36588,4853502.564577114,2.9645593762898494,62.9344165348954,92.64044918322597,2022,August
2022-08-01,Mumbai,103.3280366589545,127.51577082884221,117.55288105069063,44832,5716787.037798654,2.9645593762898494,55.792192839012884,102.12402541347865,2022,August
2022-08-01,Chennai,103.3280366589545,126.99059009013538,120.50635611466993,11007,1397785.4251221202,2.9645593762898494,55.34903194134792,121.98018883127202,2022,August
2022-08-01,Kolkata,103.3280366589545,130.7159493082991,121.37223161482484,11435,1494736.8803404002,2.9645593762898494,81.6310946566974,130.8147464538211,2022,August
2022-09-01,Delhi,61.66313231939415,82.57769619299079,71.00320525957673,24859,2052798.949661558,7.623370923418706,53.36753007343859,67.27973291466138,2022,September
2022-09-01,Mumbai,61.66313231939415,80.18367753555579,74.32167601155055,12353,990508.9685967206,7.623370923418706,99.50741863753235,70.17425575038129,2022,September
2022-09-01,Chennai,61.66313231939415,80.88420428595734,74.48162476535714,31427,2541947.8880947814,7.623370923418706,87.91315979645113,50.08855899697781,2022,September
2022-09-01,Kolkata,61.66313231939415,77.91736099758808,72.53784421984294,37570,2927355.252679384,7.623370923418706,62.62543748441911,49.36224633148604,2022,September
2022-10-01,Delhi,65.33098841298917,88.70069177203203,75.17062920419063,42232,3746007.614916457,4.811236500611506,58.181191059583455,78.22763744034873,2022,October
2022-10-01,Mumbai,65.33098841298917,86.94634190779765,75.88208516276087,23261,2022458.859117281,4.811236500611506,61.5026841515717,56.55491754122611,2022,October
2022-10-01,Chennai,65.33098841298917,88.16694658505327,80.3368874066691,38087,3358014.4945849236,4.811236500611506,71.6167400521301,83.0884711037821,2022,October
2022-10-01,Kolkata,65.33098841298917,85.02865754581008,78.38862317201283,44450,3779523.8279112577,4.811236500611506,63.7107601174335,84.40690688914329,2022,October
2022-11-01,Delhi,81.6067104104778,102.90560052560141,93.41387546746653,36431,3748953.932748185,7.364595222074806,93.40614067452654,94.45666788551905,2022,November
2022-11-01,Mumbai,81.6067104104778,105.23517028876749,94.96444200393111,29994,3156423.697641292,7.364595222074806,98.40967139573608,72.85543184525183,2022,November
2022-11-01,Chennai,81.6067104104778,107.37628046005308,96.79482836006648,18782,2016741.299600717,7.364595222074806,72.68468173026413,86.92560704033541,2022,November
2022-11-01,Kolkata,81.6067104104778,101.42095153171205,96.9160342105002,48827,4952080.800438904,7.364595222074806,51.6263089745626,102.85905015278549,2022,November
2022-12-01,Delhi,95.08227044384797,120.56773558432846,107.3927012131302,21536,2596546.7535440978,6.779223745857058,80.36532241313355,87.8341468572475,2022,December
2022-12-01,Mumbai,95.08227044384797,121.105967831823,108.04209293401824,15109,1829790.0679710137,6.779223745857058,66.29627319760374,104.12763409026523,2022,December
2022-12-01,Chennai,95.08227044384797,120.22980636654219,112.59496052377325,46935,5642985.961813658,6.779223745857058,73.22992983179051,108.41549684148127,2022,December
2022-12-01,Kolkata,95.08227044384797,119.96589471090039,112.53705119057997,36143,4335927.3325360725,6.779223745857058,82.84919287822466,112.05727336759429,2022,December
2023-01-01,Delhi,116.9221614725166,148.03814769445447,134.77090422492563,19768,2926418.103623976,7.4469119179078405,62.10225079312637,151.21909070244993,2023,January
2023-01-01,Mumbai,116.9221614725166,143.96561933788018,133.26926331102607,39781,5727096.302880212,7.4469119179078405,60.51747899594343,113.76623167518125,2023,January
2023-01-01,Chennai,116.9221614725166,148.3987836881203,135.92335941571227,16368,2428991.291407153,7.4469119179078405,54.39332495724167,114.03575851173969,2023,January
2023-01-01,Kolkata,116.9221614725166,143.20057229910915,130.74740537324806,25525,3655194.6079347613,7.4469119179078405,78.3770424130779,133.84459640356883,2023,January
2023-02-01,Delhi,107.03813544209038,132.47737789748012,120.22859331946401,16090,2131561.010370455,3.200901465468861,56.210998336402966,133.5954369451162,2023,February
2023-02-01,Mumbai,107.03813544209038,135.46843628330518,123.30081376863245,36015,4878895.732743236,3.200901465468861,64.9417943168657,135.68163763952847,2023,February
2023-02-01,Chennai,107.03813544209038,137.93645306008392,123.3530142387413,35683,4921986.454542975,3.200901465468861,66.97250962714031,129.23918879708023,2023,February
2023-02-01,Kolkata,107.03813544209038,131.86580374635938,124.97008621382078,10899,1437205.395031571,3.200901465468861,79.8737931315965,127.58049586205614,2023,February
2023-03-01,Delhi,86.25874904418401,107.9333202390636,99.79109226665598,25313,2732116.135211417,2.2445246365548366,53.01760419952819,79.66440716059097,2023,March
2023-03-01,Mumbai,86.25874904418401,107.90213663292944,102.39015036727196,36745,3964864.0105769923,2.2445246365548366,66.45087189073311,89.28568036952993,2023,March
2023-03-01,Chennai,86.25874904418401,111.99527733130182,102.39044564155748,12356,1383813.6467055653,2.2445246365548366,82.9353887750438,90.4938688755566,2023,March
2023-03-01,Kolkata,86.25874904418401,110.67286872870055,101.47465963735233,10661,1179883.4535166766,2.2445246365548366,66.61573126775545,92.40376348552132,2023,March
2023-04-01,Delhi,87.06299504094697,110.55716367618425,99.35140139375669,26309,2908648.419156731,2.48915893731456,51.532625110290304,80.86771805505192,2023,April
2023-04-01,Mumbai,87.06299504094697,110.97269484549263,103.23766967667302,10956,1215816.8447272172,2.48915893731456,92.31226460095246,97.02147015745065,2023,April
2023-04-01,Chennai,87.06299504094697,112.88178623897768,102.63437797262343,43723,4935530.3397268215,2.48915893731456,52.005459570624126,107.39357545638435,2023,April
2023-04-01,Kolkata,87.06299504094697,111.78506200832418,100.65972715936029,41860,4679322.69566845,2.48915893731456,69.77575849245076,96.03869851408473,2023,April
2023-05-01,Delhi,93.85203174163118,120.33046282694954,111.31299417900571,31116,3744202.681323362,6.757736567633789,60.53310945028333,104.31496518059271,2023,May
2023-05-01,Mumbai,93.85203174163118,120.16631899577243,109.75887241545337,37490,4505035.299151508,6.757736567633789,88.80001035177148,94.10121747738972,2023,May
2023-05-01,Chennai,93.85203174163118,119.95838514075885,109.15543748031952,10525,1262562.0036064868,6.757736567633789,98.56975470208198,83.57415274840231,2023,May
2023-05-01,Kolkata,93.85203174163118,121.72609310871184,108.31386141964988,45133,5493863.7602754915,6.757736567633789,54.86966962767761,94.08763783895853,2023,May
2023-06-01,Delhi,93.53969598906582,120.0151902201559,105.59444071591885,45984,5518778.507083649,5.476489396061004,69.55407683258804,120.1710237509012,2023,June
2023-06-01,Mumbai,93.53969598906582,117.18377529600555,108.96329165543884,23760,2784286.501033092,5.476489396061004,88.67365628433004,80.95269800953795,2023,June
2023-06-01,Chennai,93.53969598906582,122.16558858264747,107.74560891649293,43397,5301620.047721152,5.476489396061004,58.48789525437704,99.14150535673576,2023,June
2023-06-01,Kolkata,93.53969598906582,117.73586350211667,109.99617186348675,16276,1916268.914360451,5.476489396061004,62.435713629381496,103.6955340053112,2023,June
2023-07-01,Delhi,100.94051909755399,125.28314704913193,113.23578918695956,16116,2019063.19784381,3.0022514474056994,76.67559626498478,120.2095761380458,2023,July
2023-07-01,Mumbai,100.94051909755399,129.04751169389914,115.69397250443383,27774,3584165.589786355,3.0022514474056994,93.41356402566294,91.14127457443321,2023,July
2023-07-01,Chennai,100.94051909755399,124.8932498708978,114.63425829446025,26001,3247349.3898932138,3.0022514474056994,56.14854042648133,92.41765241801217,2023,July
2023-07-01,Kolkata,100.94051909755399,124.47169039580439,116.8557784263798,11058,1376407.952396805,3.0022514474056994,72.60995141417176,127.88532979879523,2023,July
2023-08-01,Delhi,75.55014682348879,94.4401832650695,86.48421777514042,45057,4255191.337374236,5.043408852130355,98.25593482180227,60.62672560124097,2023,August
2023-08-01,Mumbai,75.55014682348879,100.81185574967944,89.4288781962609,25398,2560419.5123303584,5.043408852130355,72.73699278169295,79.91679528917606,2023,August
2023-08-01,Chennai,75.55014682348879,97.5710993135152,89.59534411464452,22115,2157784.861318389,5.043408852130355,56.28707559033244,65.45342324962849,2023,August
2023-08-01,Kolkata,75.55014682348879,95.15396978599252,91.23307732092894,27275,2595324.525912946,5.043408852130355,83.67162166624587,97.07861620342838,2023,August
2023-09-01,Delhi,61.10354652631219,80.20843643618039,75.2006837746822,48006,3850486.199555276,6.035612709350758,97.23071097370116,69.75727606385347,2023,September
2023-09-01,Mumbai,61.10354652631219,80.58240824910737,73.69891368962446,46487,3746034.4122762545,6.035612709350758,93.23044179775184,72.36246659432543,2023,September
2023-09-01,Chennai,61.10354652631219,77.8939536345844,74.76489247859558,40659,3167090.260828567,6.035612709350758,83.82566928886233,55.47209557560145,2023,September
2023-09-01,Kolkata,61.10354652631219,81.71438319267699,72.35501668234213,23380,1910482.279044788,6.035612709350758,78.8592618355874,59.53238086813327,2023,September
2023-10-01,Delhi,65.35368394078233,84.34412792544998,79.7806106612108,31592,2664599.689420816,5.629723536143245,93.53767251686295,77.84883397512607,2023,October
2023-10-01,Mumbai,65.35368394078233,86.08646087702982,79.01267391155288,35923,3092483.9340855423,5.629723536143245,82.5255823895858,77.28696811090224,2023,October
2023-10-01,Chennai,65.35368394078233,88.59707086628812,77.21101273451686,46321,4103904.919597332,5.629723536143245,88.11425673883079,78.35297767820062,2023,October
2023-10-01,Kolkata,65.35368394078233,85.16643025381367,79.48898395309506,11367,968086.8126951,5.629723536143245,64.84346372801404,73.49265720503581,2023,October
2023-11-01,Delhi,76.34477981253028,99.35566281727658,89.83299576162347,22178,2203509.88996156,5.781252489974865,69.42790506351729,78.20353176122605,2023,November
2023-11-01,Mumbai,76.34477981253028,96.74964909490602,88.69187294730875,32443,3138848.865586036,5.781252489974865,50.73335285231319,83.4853722554304,2023,November
2023-11-01,Chennai,76.34477981253028,96.26595087478476,90.30781801121584,35537,3421003.096237226,5.781252489974865,73.17470219002863,75.57315473188088,2023,November
2023-11-01,Kolkata,76.34477981253028,101.13017572578849,89.56685290835001,36523,3693577.408032973,5.781252489974865,51.282103290321785,74.10206898083582,2023,November
2023-12-01,Delhi,79.71271522108071,103.12221054546657,93.29134771912844,18234,1880330.3870860375,4.392936685381403,88.2441630771064,96.17282251140252,2023,December
2023-12-01,Mumbai,79.71271522108071,104.0878654944607,95.82287461449678,34596,3601023.7946463623,4.392936685381403,59.788899284177305,64.07160082655722,2023,December
2023-12-01,Chennai,79.71271522108071,103.59332695995747,95.4779157324671,18906,1958535.439504956,4.392936685381403,69.00372544686027,71.62801754994692,2023,December
2023-12-01,Kolkata,79.71271522108071,102.41528656698044,91.25708237787897,16012,1639873.568510491,4.392936685381403,80.8675878706487,84.61842402040719,2023,December
2024-01-01,Delhi,98.5562422497112,125.0221873480325,113.92633394926489,22289,2786619.5338002965,7.577635264531935,63.63120003667669,99.22391651581044,2024,January
2024-01-01,Mumbai,98.5562422497112,122.14956850801785,111.52763772689619,39734,4853490.955097581,7.577635264531935,76.258169183353,113.78546136805306,2024,January
2024-01-01,Chennai,98.5562422497112,122.04450431632242,113.84461494746152,16441,2006533.695464657,7.577635264531935,95.88762445856887,99.76490767941837,2024,January
2024-01-01,Kolkata,98.5562422497112,121.90563859277282,115.33523349071379,31675,3861361.102426079,7.577635264531935,52.170626642740956,110.04550397666014,2024,January
2024-02-01,Delhi,116.84121724343271,148.60695836323814,135.49375340299778,38552,5729095.458819557,5.609670920877987,89.68719251902581,131.2480847953105,2024,February
2024-02-01,Mumbai,116.84121724343271,144.09605044704222,132.35314973757093,41401,5965720.584557995,5.609670920877987,95.00115616990055,114.12006587353743,2024,February
2024-02-01,Chennai,116.84121724343271,144.53073026007198,134.87166771437052,49575,7165110.9526430685,5.609670920877987,91.13071592568392,118.22802046921014,2024,February
2024-02-01,Kolkata,116.84121724343271,147.54548564229088,130.76172650591533,26035,3841346.718697043,5.609670920877987,57.48519839784789,118.24008778716096,2024,February
2024-03-01,Delhi,64.94394705385658,87.71867489610813,76.97681461196419,24996,2192615.9977031187,3.4114135088119086,54.78572777600809,52.72274918339591,2024,March
2024-03-01,Mumbai,64.94394705385658,86.12765802665362,77.78202703469779,33711,2903449.47973652,3.4114135088119086,81.8980396657985,60.29668314333239,2024,March
2024-03-01,Chennai,64.94394705385658,86.0579659256937,74.49019050281642,31400,2702220.130066782,3.4114135088119086,99.38927601074437,56.38562567612815,2024,March
2024-03-01,Kolkata,64.94394705385658,86.49986940188391,76.56537542679085,42117,3643114.999599145,3.4114135088119086,72.28954572886144,75.48164966151462,2024,March
2024-04-01,Delhi,56.02837096476286,76.8444271382548,68.12995710322411,43893,3372932.440379418,4.046540146845324,78.91934585032045,52.50308453679001,2024,April
2024-04-01,Mumbai,56.02837096476286,71.66941332134309,65.02459013952247,17843,1278797.3418927246,4.046540146845324,59.59336623593715,53.88168769264191,2024,April
2024-04-01,Chennai,56.02837096476286,72.70007255400908,66.64061847693551,16704,1214382.0119421678,4.046540146845324,91.59315566257109,63.58106865967495,2024,April
2024-04-01,Kolkata,56.02837096476286,71.60299897838621,68.35164998491288,44503,3186548.2635351215,4.046540146845324,82.5438684523597,59.75307505853885,2024,April
2024-05-01,Delhi,76.08169395249942,99.46280755033663,92.13306563602639,29201,2904413.44327738,3.998011478349188,68.14721359229961,98.73427617672215,2024,May
2024-05-01,Mumbai,76.08169395249942,97.9008653223328,88.16964676553258,10661,1043721.12520139,3.998011478349188,78.1148407938955,97.2942320704563,2024,May
2024-05-01,Chennai,76.08169395249942,96.00351946045294,90.30825881362338,35592,3416957.2646364407,3.998011478349188,58.523896908695875,76.44223950833377,2024,May
2024-05-01,Kolkata,76.08169395249942,97.73522265772263,91.0990681321059,13083,1278669.9180309852,3.998011478349188,67.37857621194911,86.15916032593212,2024,May
2024-06-01,Delhi,106.7042474513324,132.5535065655604,121.63648274229486,39301,5209485.36153309,7.563066916876716,99.62417510791876,134.82086829557528,2024,June
2024-06-01,Mumbai,106.7042474513324,134.69071190453616,124.29278701369753,42916,5780386.592095073,7.563066916876716,54.646457218969495,99.07741552309454,2024,June
2024-06-01,Chennai,106.7042474513324,136.4263259106181,124.42870439964025,21023,2868090.649618924,7.563066916876716,75.34192159102413,93.86260577912586,2024,June
2024-06-01,Kolkata,106.7042474513324,131.35277522412628,119.94648141828036,15782,2073009.4985871608,7.563066916876716,63.155628495542146,104.57744013060335,2024,June
2024-07-01,Delhi,60.69677853964951,80.49881436177304,71.38566668676962,48067,3869336.509927345,7.6217469381863765,63.98517692357396,77.15735093026396,2024,July
2024-07-01,Mumbai,60.69677853964951,82.73555530885335,70.52310609093414,34981,2894172.460258999,7.6217469381863765,74.84817414529151,78.66782048275407,2024,July
2024-07-01,Chennai,60.69677853964951,82.58217338100208,70.80358390896549,41982,3466964.802881229,7.6217469381863765,69.85893887146055,64.93743844746827,2024,July
2024-07-01,Kolkata,60.69677853964951,81.01784904619487,73.59834366127576,17629,1428263.6608353693,7.6217469381863765,90.29627000588106,72.5335740477758,2024,July
2024-08-01,Delhi,74.80414404137265,96.08975122017586,85.82962265460152,30609,2941211.195098363,2.485515698307513,61.18072172481556,95.6491748331829,2024,August
2024-08-01,Mumbai,74.80414404137265,97.28017997133567,90.38486000754,18984,1846766.9365758363,2.485515698307513,73.96772200689259,71.57738093402334,2024,August
2024-08-01,Chennai,74.80414404137265,97.51348657985335,85.62366371238765,41055,4003416.1915358794,2.485515698307513,88.24049004514977,66.38264216189,2024,August
2024-08-01,Kolkata,74.80414404137265,96.78685250406382,87.18045373131635,15772,1526522.2376940944,2.485515698307513,68.37672111457657,62.393100858550866,2024,August
2024-09-01,Delhi,56.67777395171665,78.62157904414985,68.50917308322408,17967,1412593.9106862405,2.810997734928937,56.10175260621975,62.18375757234148,2024,September
2024-09-01,Mumbai,56.67777395171665,78.43491748021127,70.46862702344224,45262,3550121.2349893223,2.810997734928937,82.0413157345103,51.46450079798272,2024,September
2024-09-01,Chennai,56.67777395171665,76.21688894731045,69.1132024222429,16610,1265962.5254148266,2.810997734928937,69.32304205795735,61.33785143465238,2024,September
2024-09-01,Kolkata,56.67777395171665,73.22225045216867,66.48252797184685,46618,3413474.871579199,2.810997734928937,87.71267721719315,62.89809592031133,2024,September
2024-10-01,Delhi,74.32807813539452,93.90178550961551,84.72210327224857,38861,3649117.2866891683,4.582023065053527,63.26937045940973,66.06897949134283,2024,October
2024-10-01,Mumbai,74.32807813539452,97.54845858875076,87.9826344319492,44406,4331736.852092067,4.582023065053527,61.44473024233068,68.10851039238456,2024,October
2024-10-01,Chennai,74.32807813539452,94.252750608265,85.31683996019986,43187,4070493.5405191407,4.582023065053527,76.35207319558258,75.29744203331404,2024,October
2024-10-01,Kolkata,74.32807813539452,93.62210483694692,89.59394967766889,15693,1469211.691206208,4.582023065053527,82.7037897685999,72.62731198739942,2024,October
2024-11-01,Delhi,89.1578004279616,111.44441452100168,102.61289702421233,13716,1528571.589570059,4.889809079209174,50.55156322143236,89.87792790087403,2024,November
2024-11-01,Mumbai,89.1578004279616,113.57561356644194,100.40557812313688,17758,2016875.745712876,4.889809079209174,79.10741148899862,101.68334921405581,2024,November
2024-11-01,Chennai,89.1578004279616,111.53406844221743,104.00411362024488,32740,3651625.4007981988,4.889809079209174,91.71516829773837,99.37968902029917,2024,November
2024-11-01,Kolkata,89.1578004279616,111.59819844942176,100.67812454126306,10671,1190864.3756537796,4.889809079209174,74.39270219631813,76.2181593930753,2024,November
2024-12-01,Delhi,90.61736678329004,117.83899238345955,102.4552516106587,34345,4047180.1934099183,4.726264007359765,56.35998813437248,111.67051737541784,2024,December
2024-12-01,Mumbai,90.61736678329004,113.63283858311631,105.77702001341905,17394,1976529.5943147251,4.726264007359765,68.79441425728847,90.36709423787613,2024,December
2024-12-01,Chennai,90.61736678329004,115.14462018312415,106.57685538897559,40911,4710681.556311792,4.726264007359765,89.34516931276475,86.78456460562033,2024,December
2024-12-01,Kolkata,90.61736678329004,116.74543574688803,104.4923748702856,16172,1888007.1868986732,4.726264007359765,63.96838569673582,114.64541723301726,2024,December
2025-01-01,Delhi,71.448798132051,95.0855071673211,84.13741460338098,38602,3670490.747672929,6.6870225427215155,72.50622162098799,65.26721582104757,2025,January
2025-01-01,Mumbai,71.448798132051,95.53531820872207,83.86841992299364,41186,3934717.6157444273,6.6870225427215155,55.2846739953137,92.46457867393399,2025,January
2025-01-01,Chennai,71.448798132051,92.4124934079255,81.45168690497972,38758,3581723.419504376,6.6870225427215155,85.81616940313411,59.73420809126687,2025,January
2025-01-01,Kolkata,71.448798132051,89.80837889017698,81.2373528340244,28052,2519304.6446272447,6.6870225427215155,75.42896447237892,71.00564523121979,2025,January
2025-02-01,Delhi,85.02655088361212,112.12657974635698,101.48256729234025,38138,4276283.498366563,7.949530453221644,70.60654651313858,91.38721896074804,2025,February
2025-02-01,Mumbai,85.02655088361212,111.14507123749617,96.2409519494107,38270,4253521.876258979,7.949530453221644,54.10858337382137,109.16814095737249,2025,February
2025-02-01,Chennai,85.02655088361212,107.39944348500423,100.44401384132989,45144,4848440.476687031,7.949530453221644,69.09698198264479,76.76567993948032,2025,February
2025-02-01,Kolkata,85.02655088361212,106.18103496977812,99.51875276253429,36189,3842585.4745213008,7.949530453221644,53.462715314293,108.82660984620131,2025,February
2025-03-01,Delhi,86.08659414743505,108.83768961808576,97.72492310182682,15978,1739008.6047177743,7.374887584231292,98.99851646794252,94.7762433838656,2025,March
2025-03-01,Mumbai,86.08659414743505,110.65913970142408,101.46196075580706,19503,2158185.201596874,7.374887584231292,80.82498634475417,75.61151009377446,2025,March
2025-03-01,Chennai,86.08659414743505,106.88833047513315,97.63836945230871,33953,3629179.484622196,7.374887584231292,61.230780592192595,84.88857108602744,2025,March
2025-03-01,Kolkata,86.08659414743505,109.60671927458273,99.60995161739658,49896,5468936.86492458,7.374887584231292,58.18419007326507,80.65415590347928,2025,March
2025-04-01,Delhi,115.3406396351575,144.57428964024504,128.64418014589148,22258,3217934.538812574,6.055893653518132,83.57274674473217,110.54953233398832,2025,April
2025-04-01,Mumbai,115.3406396351575,147.25683538947072,130.118480527721,44964,6621256.346452162,6.055893653518132,87.75209643731392,118.8319718045526,2025,April
2025-04-01,Chennai,115.3406396351575,146.99594463971627,132.93883486893978,27030,3973300.383611531,6.055893653518132,59.02972990876504,95.37853173050354,2025,April
2025-04-01,Kolkata,115.3406396351575,143.34237359713273,133.08701482145054,33387,4785771.827287471,6.055893653518132,52.158686789850584,101.77743484191795,2025,April
2025-05-01,Delhi,63.562370274546524,85.72809423296351,73.92842809437428,46850,4016361.2148143407,6.3558794599117725,57.53380538549387,61.73125394439215,2025,May
2025-05-01,Mumbai,63.562370274546524,82.89751206903172,77.19646996296947,11376,943042.0972973049,6.3558794599117725,75.418027345814,60.3063386383096,2025,May
2025-05-01,Chennai,63.562370274546524,83.958750873978,76.7806717088108,15926,1337127.0664189737,6.3558794599117725,78.85863916437751,78.72639542033048,2025,May
2025-05-01,Kolkata,63.562370274546524,83.0402005097483,73.61244894025673,46495,3860954.122700747,6.3558794599117725,90.58761084328549,74.42238456512827,2025,May
2025-06-01,Delhi,112.2943006788764,138.86495187194856,130.55674364883814,12520,1738589.197436796,3.667412583493207,77.7542474651143,130.9953048108061,2025,June
2025-06-01,Mumbai,112.2943006788764,141.8191729528954,126.405993140879,41656,5907619.468525811,3.667412583493207,68.76299522213331,120.08166716461473,2025,June
2025-06-01,Chennai,112.2943006788764,141.17638899615727,130.36613147997116,20805,2937174.773065052,3.667412583493207,91.63402346735216,90.45483424758248,2025,June
2025-06-01,Kolkata,112.2943006788764,142.75409319235638,129.82990307385253,25379,3622956.1311288127,3.667412583493207,66.34658081690395,98.19508028886274,2025,June
2025-07-01,Delhi,74.86427400686397,100.3141836914902,87.06327311045418,19596,1965756.743618442,7.259904570969203,82.16825899558921,89.1034505436836,2025,July
2025-07-01,Mumbai,74.86427400686397,94.86030701193795,85.68035332236849,17909,1698853.2382767966,7.259904570969203,70.63109204243119,85.92989296723306,2025,July
2025-07-01,Chennai,74.86427400686397,93.36237117332942,88.57095195217212,48659,4542919.618923036,7.259904570969203,59.06596399627526,74.4028703168009,2025,July
2025-07-01,Kolkata,74.86427400686397,96.15613320090537,90.09899075107451,46060,4428951.495233702,7.259904570969203,82.11627629526137,62.319027839342674,2025,July
2025-08-01,Delhi,92.69894618282854,118.30937715665085,107.73578787703356,10161,1202141.5812887293,5.368907527757142,79.9684482831467,102.06829027238562,2025,August
2025-08-01,Mumbai,92.69894618282854,114.54528617461395,106.04750990282994,13390,1533761.3818780808,5.368907527757142,53.852913956716556,76.87296166573395,2025,August
2025-08-01,Chennai,92.69894618282854,116.72442472661008,108.82424374012363,47861,5586547.691840285,5.368907527757142,60.49209974282047,112.40352862415413,2025,August
2025-08-01,Kolkata,92.69894618282854,118.02683253416824,106.35563745431986,15469,1825757.0724710485,5.368907527757142,66.40963768046558,94.27572587989154,2025,August
2025-09-01,Delhi,60.75902792917512,80.88323001487281,74.03372884894428,26184,2117846.49470943,3.3236717162672678,96.65566656717789,68.12804079577745,2025,September
2025-09-01,Mumbai,60.75902792917512,79.64438932948515,73.43681435175853,40447,3221376.615209686,3.3236717162672678,58.91262334523208,69.44487338066743,2025,September
2025-09-01,Chennai,60.75902792917512,83.63353797917577,74.10306768996136,24472,2046679.9414263894,3.3236717162672678,97.51563764652958,54.77233055600452,2025,September
2025-09-01,Kolkata,60.75902792917512,80.65450271087673,75.49763045371245,38272,3086809.1277506743,3.3236717162672678,79.2905072985951,66.42417211442556,2025,September
2025-10-01,Delhi,100.34859078880488,128.88941070974911,112.71329467240655,35122,4526853.882947808,7.5777015372541054,71.48284063694675,124.06749801848916,2025,October
2025-10-01,Mumbai,100.34859078880488,129.30487209833242,113.49308655898695,12096,1564071.732901429,7.5777015372541054,71.75901996276784,127.30991370394692,2025,October
2025-10-01,Chennai,100.34859078880488,128.35347018443792,116.16350192764952,39309,5045446.55948007,7.5777015372541054,86.39696534868827,105.18846114116414,2025,October
2025-10-01,Kolkata,100.34859078880488,126.46929204909601,116.75352742382367,23493,2971143.0781094125,7.5777015372541054,61.26118511342449,86.8692366351864,2025,October
2025-11-01,Delhi,80.92434193074241,103.79514651765503,91.4787050437948,11431,1186482.3198433146,7.535738348526738,52.852736057562716,76.15737520504817,2025,November
2025-11-01,Mumbai,80.92434193074241,102.32266326442738,92.8801620796338,29675,3036425.0323718823,7.535738348526738,89.35633013008021,104.18339992839157,2025,November
2025-11-01,Chennai,80.92434193074241,103.08917313550603,93.97161055836804,17896,1844883.8424330158,7.535738348526738,88.83552784775907,67.38433018731348,2025,November
2025-11-01,Kolkata,80.92434193074241,103.90372183398972,91.5999708863015,12643,1313654.755147132,7.535738348526738,80.98497200997079,87.47892422011165,2025,November
2025-12-01,Delhi,77.48482908761012,101.83510240665129,88.20216307919422,24289,2473472.802355153,3.891137126584154,86.62243659190449,83.23112662771841,2025,December
2025-12-01,Mumbai,77.48482908761012,97.32801578311505,92.97642910031131,21929,2134306.05810793,3.891137126584154,70.93966595370807,72.06700425434047,2025,December
2025-12-01,Chennai,77.48482908761012,101.54784507824506,93.57139795760241,38228,3881971.021651152,3.891137126584154,82.70873007370372,69.66264387861241,2025,December
2025-12-01,Kolkata,77.48482908761012,100.38941010538122,90.46721033474896,32360,3248601.3110101363,3.891137126584154,97.35179938693615,99.46557732147225,2025,December
